kappa,varrho,lower,upper
0.255768095960215,0.3402282575459229,1.4040735286683512,7.255698213785726
0.9612725275381847,0.6323344403568095,2.869077236499943,5.498588323143248
0.04903742871930139,0.18927135523055805,0.7590349552984984,8.051693689470945
0.37528290295401767,0.0856029428285584,0.4711929448833603,8.44320411228808
0.8973276640999845,0.777805761968058,3.2901331677010814,4.93206107033086
0.16272227810565354,0.6511274506438719,2.6137474382559134,5.735125111100215
0.2342524668591578,0.19695616288564766,0.8318910543083397,7.971152782806012
0.6494863540269639,0.25691201862855795,1.3411067533001764,7.401981228071266
0.7624455185167598,0.06372005946453774,0.7991614596863633,8.137118480849098
0.6621988778379924,0.7623128417527466,3.1534789338085836,5.08420822443867
0.8425804280272504,0.7645784587541538,3.22544942251629,5.009972118729556
0.8308192993984514,0.43618016523469993,2.133903339410948,6.429916495354352
0.48578634378301144,0.15729862556305207,0.8280622275243178,8.01463914691263
0.6901254843003242,0.10243924787205005,0.837241108810098,8.060319643317852
0.5245672164386512,0.9855911965131025,3.946329667524326,4.068079135962572
0.04394563096111459,0.47715363385532494,1.9096242659860976,6.613222100158577
0.6309441232469072,0.6882704681959961,2.877178433806075,5.434551097997929
0.9048353550888794,0.8488172577962136,3.5190464271573973,4.632136315046389
0.36024492593050117,0.19222204984303093,0.8737187191216033,7.9340592310353655
0.7048270439753813,0.48164393468630706,2.1840852671595643,6.334270798154129
0.8908409646575268,0.4279144561113919,2.1656635529787787,6.40642199090983
0.23127102109912268,0.2666998338427722,1.1060208371955509,7.627279328961677
0.08889343897801916,0.07683404202299993,0.31463106564350374,8.608534892333497
0.047974237564056166,0.6668486232081295,2.6681612498778238,5.664990126914047
0.3758616900655539,0.006738366505484428,0.16727353350012866,8.825988099994388
0.8178365365027365,0.381478480382228,1.9396161224386903,6.678905397179082
0.2159446573852445,0.9091390709419548,3.640793319248279,4.450067609809767
0.7238191602386295,0.44098906737533106,2.056830022049639,6.50218091057503
0.9049239953399342,0.9933537781175945,3.9788576200756673,4.027788601806738
0.5221020514084833,0.9862515693579587,3.9487539697308502,4.064994460911191
0.8628555030820184,0.6495002394260481,2.8589549059760246,5.491544854597928
0.9968261830782608,0.3504435092069438,2.047213923913108,6.602342566879949
0.5696927386392824,0.05517147277019885,0.5273298161778175,8.417498711051984
0.6309041111615896,0.9023318155703117,3.648203106165574,4.449465078264114
0.09103537206222845,0.13264713434862951,0.5377766713310299,8.32957619432034
0.8140562291917538,0.7565079293831369,3.187390879862725,5.056101190754138
0.8387506516293944,0.9264113126762894,3.757415087660149,4.3161735996635615
0.5626308580667684,0.9343185197537908,3.7580657803195026,4.307615699926707
0.21395388895191036,0.3073092014909484,1.2609456046260805,7.43174519388297
0.2878094725167448,0.08960992664117395,0.4338512241634196,8.476538849195407
0.44633681775216516,0.21722894302993978,1.024856725349995,7.757914331620066
0.6640002832181083,0.8933267678153097,3.620338912759807,4.486334319424883
0.47661716172817303,0.8018072084697503,3.252251085091591,4.945941706438659
0.8981792273767674,0.6247293577395764,2.8016579867702247,5.573612655490199
0.6844241927542307,0.7247885248521376,3.028073192879,5.247138282268862
0.49039526113268606,0.08124223550616771,0.5459187110683826,8.372839053425448
0.41325460913060563,0.6139270523402234,2.521641504895945,5.8644314427638315
0.8397487186473621,0.718440957857579,3.072313048442211,5.209245993700209
0.8415615952659304,0.0002863087067079828,0.7091683822065507,8.290545309086742
0.41170496301284165,0.2299331207979064,1.0502595712401348,7.719807307961958
0.9842384342386497,0.814324041528889,3.4371651638402048,4.748510794630906
0.46507076315747686,0.4592697753771212,1.9540340823488074,6.5866961422740715
0.04443396439368663,0.4404762257516691,1.7630096139847884,6.796514160263543
0.4268254995476166,0.588917747244794,2.4305619566900343,5.980520296065172
0.37118611599973295,0.43911851449650496,1.8337518226123304,6.727129662891164
0.6929342383263791,0.957570182566508,3.8506537405475942,4.191776076885898
0.7889238126137772,0.1541630017499206,1.1431016162473098,7.7027353820027695
0.8312413617236549,0.4747238682896675,2.261841425489232,6.2634347062211
0.26309907635201,0.9151150751897893,3.666336130663247,4.418548794146964
0.9560902410678733,0.9844016547894793,3.9518651998661247,4.063733145344396
0.039142287768709094,0.7831570222231815,3.132960318072157,5.083882659704662
0.8573570635086643,0.2062025115110433,1.4082997283756178,7.3854977601133385
0.2133024059735683,0.23717409947234802,0.9834033869348631,7.779422513592788
0.10795941440760726,0.006734187135850833,0.03851349516796218,8.954752317696187
0.6460884539323398,0.4621755966890304,2.0732065835631617,6.464617819747808
0.10977739063012437,0.5380327970500562,2.157698389838523,6.30426881311142
0.9646902794499367,0.2813021069268997,1.7940483327989296,6.924649560274171
0.935606911571551,0.6810458130144028,3.0033830826246666,5.315571104360931
0.25565303299828224,0.07667693998104064,0.36705474547234673,8.556268314546612
0.7547589868888746,0.26958125027639457,1.494416170196948,7.236002579526657
0.14541868430423577,0.19327654277385886,0.790165624309777,8.016557832916364
0.5022779547720583,0.5490789792769218,2.3100756898437576,6.140845330879321
0.023211533336475187,0.1159885511569585,0.4644304881435576,8.419580960699484
0.654673354071045,0.05818784019649692,0.6364094159034772,8.305402743900027
0.679275346961121,0.6661566088133638,2.818666782592685,5.515176608593951
0.981903457023399,0.2545944567845112,1.7370489524936479,7.00835659072184
0.595865870558541,0.003608114090988934,0.3682075090141451,8.628184376894867
0.8584980249568521,0.8399562238385274,3.4777801766274536,4.682263599534019
0.693039278902401,0.4417942666282446,2.0352852016522585,6.522920531719497
0.9569773065802085,0.2182650603945947,1.588977449865903,7.192757489739503
0.11490817761713235,0.6751670204479002,2.704957140489168,5.6198758390629315
0.449999882428852,0.2266745818574325,1.063296642774929,7.710028775367639
0.11760776106727766,0.0751285024069478,0.31330644878928077,8.611565048803772
0.06884654301100823,0.15884425182913664,0.6393639564324872,8.201791791738376
0.9215638600023914,0.17064945239809926,1.3869485995853512,7.442401948016549
0.683196586725405,0.013724981852692442,0.5152512642622525,8.471023753885055
0.9155904852933621,0.07889392394977535,1.0877443877374682,7.833361688312756
0.54682831525766,0.7279307517339587,2.9930774817678536,5.278991766498187
0.5467452847440286,0.9375673060181822,3.7689322546567254,4.293500439325093
0.7701414671455942,0.6715449156034494,2.8809922455548667,5.447462838841684
0.3449699735073246,0.9827170929439089,3.9329251117314623,4.084357795324629
0.6072249655627833,0.49536008988079494,2.167512276600345,6.337127633518859
0.1952286958013727,0.30684130306674684,1.2537844317399334,7.439374265193321
0.04634222384089448,0.2696459480467035,1.0801523017980739,7.650201750155222
0.34204990974988114,0.42797982172024185,1.7788445842168468,6.793175594062911
0.020895739221626908,0.9401657983492645,3.760689318919264,4.299144882731472
0.345414262108226,0.7852253775356073,3.166526487801039,5.048248134663353
0.475913280763265,0.01065084540133221,0.2666844856832251,8.722664668915442
0.9912060131199844,0.5772687031865675,2.7244038141926756,5.698327482620757
0.8249608197957029,0.3335616921863521,1.7877982595621793,6.878640048251468
0.4604000527940909,0.9971364144369179,3.989152646849688,4.013710938713395
0.825077447130013,0.3233550330338135,1.7540480837828738,6.922596883183313
0.8379244472448482,0.6796661902326137,2.9435766959425007,5.376757113824886
0.9100729590459622,0.9061122839791351,3.702210020977088,4.391677695043777
0.45843892002180775,0.11916688307127721,0.6617889195241938,8.219044197404529
0.4279346734680307,0.7826712913032456,3.170484155399155,5.0468445532976
0.09667685066020049,0.8480892004211139,3.393776622825383,4.758134176753503
0.7972729334412089,0.5070902645403292,2.341676238322263,6.151233497137408
0.9189846532096932,0.010961222924199876,0.8791205723226788,8.109918204753122
0.2048673751044433,0.5081414143376358,2.0532092776601267,6.438649308002237
0.8601444094327242,0.3304043614208261,1.8170167109335387,6.852578927645635
0.38751187773450213,0.5541319943171717,2.283481949383793,6.1623860562990345
0.5972177872532528,0.9968057832253926,3.9883624112771763,4.0148318054974315
0.8451282720711555,0.06212837064373011,0.9183805997819868,8.019491029574283
0.4050829191343255,0.9379623615445775,3.762029336979399,4.300008301476023
0.27664200039969356,0.03253798611409575,0.20419258285144654,8.763269431034457
0.3687652831755842,0.6111209029392171,2.497366437883427,5.891512659177355
0.9133304693430031,0.10845205779003009,1.1775130481998044,7.714034894010166
0.587636173733437,0.9669006497604545,3.8790323432946705,4.154067006944875
0.8637353534440274,0.2681342389812299,1.618537181339319,7.113328579679452
0.853701118475171,0.5959088369318484,2.6781392501549934,5.725951912913159
0.8508140812022874,0.5644236237086865,2.5730015260921384,5.8625748501991755
0.6391867704913851,0.08544668468358274,0.7154363920893502,8.199116923227066
0.6484364556007653,0.5881350369055909,2.5257169415009457,5.886148021593463
0.46261225698767994,0.5519668801691962,2.3037511335963226,6.144281986234481
0.4227526971062918,0.7261798321635371,2.9536564260356473,5.320163741800815
0.4734273816813611,0.6690890167984975,2.750524299323851,5.580386683877651
0.9990124288727573,0.5442393462245589,2.631818291050349,5.823942362725092
0.642523941012187,0.17505454401750475,1.0407861954690703,7.784159260513425
0.7834077100134804,0.556666341003923,2.4987514843320495,5.944582174664027
0.5999930386798993,0.9342256000365623,3.760580634684291,4.305193765279147
0.37175594296610626,0.8531974504377201,3.433078278336688,4.713724271225591
0.4952323887199156,0.26020876669709303,1.2222726536268202,7.5175185796760875
0.04424179613900581,0.04768344360891519,0.19259777841542372,8.759718777975662
0.9263859202162832,0.6040262372152747,2.7559260180997005,5.640047744685025
0.8410343363137226,0.6401983858134254,2.8152951690285706,5.544506445158004
0.888827085828274,0.7289226777816106,3.1298454792137003,5.1412318430046895
0.3938258920622456,0.6066637623258346,2.487661040844938,5.905675196829227
0.2926276276390867,0.8035049571874813,3.2308458817032926,4.965649161109226
0.2070227537895002,0.4378538421146345,1.7755080649243236,6.7866380929610415
0.18164783630665426,0.06728282428928178,0.29990717379860726,8.632810001912112
0.6875334395280213,0.04637840632524226,0.63629267965465,8.317328914020107
0.4283439317180767,0.6319017853487804,2.5951452584473564,5.772952956203863
0.47101151970470645,0.7699649191117885,3.1308933850969067,5.099141695791305
0.2261976802844079,0.6242194986443659,2.5161049506964295,5.859675550659205
0.5325178917273401,0.972019174320887,3.8960113684599267,4.131969457219187
0.7586478526402919,0.34057302616436835,1.7418230338656873,6.917603939969945
0.10321458789194049,0.7474304819159133,2.9924126141735727,5.260156903910514
0.8012679368496671,0.5869269958089108,2.6129133707742653,5.800159633416824
0.5747549983477706,0.007757780455729724,0.3588116990892056,8.633430520455063
0.8449798345957926,0.03466297990908429,0.8278937875643624,8.137443232526554
0.4599803533607333,0.35520621340109004,1.5572515645091212,7.087542222089788
0.5190430716652512,0.991392711952206,3.967889700358612,4.040717587689182
0.5998187126416752,0.3470439438429421,1.623097929833552,7.029858126323505
0.7273590483577992,0.7996131233608685,3.304467408033536,4.895919468605595
0.8984029258388759,0.0358123277638579,0.9214720022759718,8.04271566996017
0.9045196960550124,0.06321157927501864,1.0192852723487258,7.917503148376257
0.7944850038141719,0.2219572969196979,1.3789347378974874,7.399107965182815
0.07827910545593886,0.350270386130602,1.4050628396275306,7.244666774241868
0.011099645079384324,0.05628301986972062,0.22524834741235283,8.718468632717927
0.7017858838631558,0.7206687622602238,3.020246640837113,5.259084596902664
0.14538861793985258,0.7925460569990211,3.174569358372128,5.032884584628851
0.793965343201791,0.06300996043626927,0.8427005282102268,8.094289511353505
0.9042236660412043,0.041713910721301706,0.9503699351500062,8.007916154128692
0.5589064529444634,0.643277812465991,2.6845428508615705,5.672179336672439
0.9435461830717544,0.6228989183039741,2.827320997812701,5.5497800838833244
0.5251805073180872,0.8555625093418489,3.4620880010615127,4.682349489596638
0.10222154604735978,0.6640530599549721,2.659722631527488,5.67622430851754
0.8209000395755062,0.7981267388754506,3.3285446778494396,4.87332858327511
0.7830978243227352,0.44932247288379734,2.134988591108606,6.415688936007596
0.38587547419521673,0.5990503638205563,2.455902808631047,5.945046827548397
0.7663296105582831,0.4605398558744863,2.1589633660483,6.380496778077212
0.19627596194696384,0.3417235321722457,1.3922537380363311,7.266022729791423
0.18290031017271968,0.8843181758624098,3.5411425523856455,4.574539271751945
0.5736798053124169,0.17044273729787862,0.9547853113644261,7.874771951337694
0.3935575986812746,0.7104811292320172,2.886767395193114,5.402751475574869
0.6757156472307578,0.5657359546006704,2.461225149309534,5.973038896089796
0.5572008281747,0.9850779792731452,3.9449447980959755,4.069977222630879
0.75284446136456,0.7342203165723789,3.087518488691953,5.1782611947356685
0.5833316812796532,0.27151485554351695,1.3339453241965071,7.394539820259976
0.6491848469159036,0.38586186180021753,1.8022704170928023,6.81186772110698
0.27350553337203953,0.6586931695393201,2.660304230078545,5.681002600382135
0.4775144139082995,0.7519471335042739,3.0643495524778364,5.183703314017889
0.8726716199679204,0.1718785737055697,1.318174933930044,7.509946492364386
0.21298266410926903,0.5227848023110482,2.112786461414639,6.364428736274313
0.38188217989346895,0.5649437628379573,2.323221042346362,6.111835194815681
0.8494038659440329,0.9114505104437697,3.7096893409249847,4.3788601486312455
0.27629305862685305,0.6429542732894301,2.5990731978022885,5.757972528908281
0.6466318765863357,0.18230408725448566,1.0711218173304702,7.746574095415045
0.2384741019268556,0.4348780942441709,1.771650801713245,6.793471104042585
0.5354899539712866,0.9526055121127026,3.8240123937194173,4.22338209416788
0.05068989154388548,0.01605562792644033,0.06675072243480067,8.917193649638758
0.5765748220051344,0.974207895891437,3.9054058726217944,4.120386231486768
0.3903491034637163,0.84509576383541,3.403986189073157,4.750918047091433
0.6402671362643725,0.6759570833769785,2.836667136707215,5.487375779915807
0.7746226724548174,0.2289723910513609,1.3785371901759291,7.392490418772709
0.0869840433418625,0.8270841451762031,3.309644900760303,4.863270954063494
0.1300648476041879,0.4321080641360189,1.738039207520467,6.829852728343514
0.7532251121872208,0.8550390700699487,3.5023995840472995,4.6425613458827515
0.6637316349924058,0.4276952722181806,1.9629040323949187,6.609400695386901
0.9700377124354201,0.1973366435183994,1.544631251885297,7.258032104596304
0.6023503772327283,0.44152499231310494,1.9687292095199223,6.589745798166973
0.06944167274524116,0.9915856403967311,3.9663831368567015,4.042031222746568
0.7618050238820497,0.3002027042572444,1.606936004331153,7.092861291411603
0.7681988043757447,0.8612590315389986,3.5269112510516765,4.611829717409325
0.873860139865278,0.7489621011063682,3.1875488627715205,5.063489036122111
0.8519008029962163,0.39753548997308885,2.0273715279102342,6.5750929821166775
0.09594979550132521,0.5620913496117921,2.2523969445559135,6.185511705832294
0.5312827946240706,0.6992891492476246,2.8820356650837136,5.418675185668662
0.571971346732824,0.36228322160253834,1.6577627094233165,6.979954068974145
0.9819977809073074,0.16890168016696783,1.4770511546724476,7.354047165160585
0.30832986332825785,0.24508814223209008,1.0521200044720491,7.702791853295861
0.5508823779053832,0.4922585669628653,2.123119268472362,6.384622164564773
0.009511062367100198,0.9242390456949686,3.696963036139086,4.3787979181659455
0.7416892340296157,0.5878400218787604,2.5780904949353323,5.834069483185907
0.2814613376801953,0.3419842294478658,1.4200652460147867,7.237950524537348
0.8161078897052794,0.9956366059486652,3.985452584243864,4.018910809807471
0.05815490376396426,0.8744089256369201,3.4980604506609136,4.627530623702166
0.3018340796441511,0.08163166597824878,0.4101935196269233,8.508174814394827
0.5941480832865592,0.38717284310963007,1.7650266789634372,6.847800477926933
0.415586006649002,0.05471781463926151,0.3821325791103046,8.563149606250434
0.8567721918658264,0.01942283975912562,0.797492445447885,8.18308471479299
0.08874619554064522,0.0010508028426192695,0.012070822588733503,8.986878374568647
0.5349068879585283,0.8460642982611626,3.4283021040132833,4.725633597725554
0.024862288253496567,0.6195475604101544,2.478425411991965,5.90202702759788
0.1361411580998576,0.4838035730990431,1.9447816911571034,6.571414735743853
0.044731046690571596,0.33906476084844184,1.3575814865975933,7.3033537525539645
0.690983363637921,0.5879847319486022,2.5486589172834706,5.863356350767928
0.7856663376409897,0.9246683803726167,3.7451735904241628,4.33015802920322
0.49534243031688874,0.1289794533074895,0.7296350060212746,8.141385540671235
0.1825027030861689,0.8443095264522177,3.3824237252529485,4.773266748294834
0.95307357188069,0.48362510660921465,2.403549165004379,6.112825728386406
0.8110173824950622,0.034497342521593755,0.7730479655323332,8.192454691946073
0.07973005651512988,0.05653512139012995,0.23213798038187328,8.711326898227998
0.5265763286345091,0.9448285917728994,3.7946124402588914,4.260558967968209
0.634630055866949,0.851708421728128,3.466558907164984,4.681732671106888
0.8357543314873237,0.9376911305597753,3.7942863517647094,4.268022517675515
0.8404031483439622,0.15004729510548687,1.2004916109398414,7.64946109395467
0.9555473806929289,0.9739673365288499,3.9196390108925043,4.106393652578646
0.1064196411990983,0.11673765010801651,0.4769536702304207,8.406308679661564
0.799314650964577,0.35835518945391365,1.8433701369046478,6.798274673641438
0.3638488477825951,0.3926692737220584,1.6510791707198467,6.9562515555580955
0.9830711769588745,0.8075355121467322,3.4161452993718484,4.776319188481419
0.3757429567901849,0.12625879162728393,0.6283923702011268,8.24534883817159
0.28021531401653066,0.0021001041675022813,0.08675613739345521,8.91114375843904
0.08068673434774365,0.6367846746436968,2.5495033571412193,5.813711968215085
0.12833852345705954,0.934415375084688,3.7387417300443326,4.326842894870979
0.6694786443543056,0.6846548525461692,2.8799576272474288,5.435387520206403
0.718577181714598,0.1937911794616224,1.1914531948538243,7.614755625684554
0.8286194785895544,0.8368899897455376,3.4595529623179804,4.703557047936482
0.7431583976776444,0.8758897879947225,3.5721032864513544,4.552006925553923
0.3614398958110405,0.4896170495551718,2.025144013531389,6.48523893691344
0.7337307559843437,0.5954440137249687,2.5995731483281275,5.804982837946904
0.15912015280662206,0.57552049920542,2.3128294879736226,6.111650012820957
0.705311823067714,0.6815664569513594,2.8846752963448377,5.433758246703803
0.7386481043614824,0.48066623505464157,2.2060139731717525,6.313319791773607
0.44983350978448644,0.18450240179176614,0.9030256982752143,7.912471899933021
0.5081471959953259,0.9868335341686941,3.9507338968581998,4.062432568973106
0.7806867255015079,0.4059947550500731,1.9860084442934876,6.60799680065644
0.7552047995785477,0.34939386996431565,1.7686384646496003,6.8819676653860835
0.3217166444491658,0.29035473850839255,1.2348683735447108,7.474776887946897
0.03817049182246435,0.6269956705882884,2.508526144605394,5.864478184806317
0.3461542853137062,0.9989039259191625,3.995747038330231,4.005349035750607
0.42282363439754067,0.08216645851047322,0.49275595470750994,8.425077586782017
0.45013641578444463,0.6211727005562406,2.561449847632922,5.817377451810837
0.06972674741590468,0.4610477349647918,1.8468112283858973,6.692141036649311
0.9895134835531403,0.8211837514704463,3.459820599240261,4.718995649289292
0.7037494983434032,0.12098786038350118,0.9192939441331596,7.9597181954833385
0.6884884667885115,0.1774625920938797,1.0997465637562502,7.72279084414987
0.732896442129363,0.43764393228478315,2.0526380898787373,6.509717977836479
0.16560651318722952,0.9973646492439294,3.9895308728332326,4.0131044779228375
0.6717574937683483,0.28796549034559094,1.4731733230134543,7.238861186640955
0.18684764988087765,0.9575241438220569,3.831579494259348,4.210896361918595
0.3203361198253668,0.4127321579910762,1.7111912564467855,6.876076585562139
0.6078161622922507,0.34557775234564403,1.6240810833536632,7.030341164300693
0.6791607597090542,0.22783732306607207,1.2675165370911265,7.5046461398428015
0.34894496876895487,0.3477482750539156,1.4704129603787914,7.181838764567293
0.04885819688320092,0.23498582228768983,0.9417694723977565,7.823244705314554
0.9076418993275099,0.7298747644124264,3.14203195915919,5.128093276428384
0.8244172783196186,0.22966158724697794,1.4422175194718951,7.3281208932811275
0.4742870104646215,0.9236884944162006,3.7119201110657474,4.3643913945180515
0.9366222995013533,0.32886050014874213,1.9042067321407552,6.766932767710503
0.8427617383256878,0.038858171454810186,0.8380811201971652,8.123060708348024
0.12770681430971365,0.6027464765375976,2.417464725949442,5.97978879751296
0.004093088272270062,0.14648668072495974,0.5859610221256463,8.267552297149395
0.49939367346872965,0.1731666115056656,0.8988737660961603,7.927959622398174
0.1719118178971102,0.9655684306423725,3.863291301915731,4.1711402674418965
0.46092320766902195,0.0031085204968805957,0.22422387954368714,8.772667599959433
0.3860253936521564,0.32478906946702846,1.3997732428764054,7.275437687656565
0.4896772223903104,0.3191507414543442,1.4398595760904234,7.240989682455233
0.6887270226648889,0.7720590201849548,3.1963587246941314,5.031582255120914
0.598860217630928,0.6184483531148174,2.6106306380051363,5.770921008880046
0.6324480231960562,0.597138188911892,2.549693653719297,5.8531681573688115
0.2224841713429302,0.28422324119933684,1.1723233463877982,7.543453412412864
0.8768808693362857,0.9317582839985215,3.7795055602887473,4.288736155712732
0.10456245624306204,0.23337418725788706,0.9418785045923183,7.824747308149794
0.06781149721189816,0.07665722127746666,0.3108747837625065,8.612467994960026
0.899618503599349,0.28836155173784406,1.729384776103391,6.982253672158766
0.06815438024881881,0.4433643614186399,1.7760430290963827,6.780592609484978
0.8092877629570784,0.09928192167858774,0.9870500046741545,7.913668073647257
0.2782303974967302,0.5098299241756588,2.0772648181432385,6.4129052576811025
0.8783907012816692,0.6912976808229947,3.0033762408789846,5.3053260782980205
0.1635950837747414,0.4100481456407701,1.6559816713711824,6.933970182988048
0.6783420340006198,0.3772569173567988,1.7955816005434901,6.8271614820997115
0.9485284132990804,0.5108657520971033,2.4835400998110293,6.005594148091868
0.6223787255061783,0.2640199699699003,1.341165628986903,7.394814401043197
0.006894484298330172,0.4034004776173289,1.6136302691795499,6.982969253203121
0.43290218340714537,0.24723501854560392,1.1300114688964973,7.622753512557898
0.37587028381176313,0.48776245860042156,2.0234179706566406,6.488819570742937
0.8253350512024024,0.13634144711257246,1.1336709481934135,7.7299876046940135
0.5976317467984602,0.7996465403704067,3.2701451453886987,4.930208314240895
0.5244484126289645,0.9866683916405581,3.95034037394828,4.062991234411162
0.4426317920409524,0.5407801885578088,2.253092432953525,6.206127378488665
0.2338420284684133,0.2456529234425111,1.0238609717288623,7.730486104828627
0.326606227795603,0.2086252468662122,0.9189182207673259,7.872456532366463
0.6803598301167846,0.3138823577467268,1.5731260822779862,7.112991559975287
0.48685575280200877,0.21564674984883347,1.0485010926018266,7.735852157549339
0.49629566719228,0.9753285789591636,3.9073911184857404,4.117280302555096
0.8520918814093127,0.3498392356762078,1.8714130406784815,6.77874772364531
0.6259180568869894,0.1800435378851124,1.0414112939830549,7.778545168131833
0.8059551218565468,0.3966670224138603,1.978571265837896,6.624761711748244
0.8415265211186747,0.8963710825311673,3.658870897881812,4.444758019587021
0.6666989589361625,0.7380274337392818,3.068553266486687,5.193419299774031
0.34233507371284444,0.36093832630275513,1.5186470533767424,7.120414620320503
0.9733041063621927,0.6106862151402636,2.8115499391781227,5.5777638456816145
0.9175727779978379,0.6902852619141143,3.021902213202734,5.287812524883152
0.671957603036494,0.15070075149404627,0.9862845649788905,7.863014683527062
0.9703128366262587,0.09844016527728261,1.2425855572503766,7.658974277472341
0.9670379698515051,0.3865573630951009,2.119897962523731,6.493544674381169
0.05001646964414996,0.4761073664969758,1.9057400605462909,6.618152572956733
0.9005997205272173,0.5248720085236463,2.4848547772943825,5.990273214181971
0.4021215096084314,0.41931854095198995,1.7711713478243518,6.809510111223658
0.9434395192357053,0.8005273913747155,3.379655771263286,4.819816837361999
0.1810756585086195,0.4627236380950398,1.8685109814772398,6.66876538042772
0.1860880091603927,0.16131554737545994,0.6743047813531606,8.16437967127138
0.5508206809194909,0.5579029049467497,2.3657453915161115,6.076351703537139
0.42576821819932975,0.08380076302071982,0.5012903447545227,8.414908892224759
0.7821461648405639,0.7834298520612322,3.266206764347825,4.950363383590943
0.027040507309316508,0.8001391197585077,3.200702615118298,4.999158265123194
0.4052335238971825,0.5505036817848703,2.275828409434204,6.173667908780926
0.8619479977338045,0.760590200043851,3.2202313526763398,5.01917844727981
0.04688344967430036,0.6666390538695692,2.6672889621239233,5.666071984006507
0.015936573868433057,0.7156619861024126,2.8627201589823352,5.421617854915252
0.9479466824796514,0.6057203579195496,2.777182266518965,5.617097375561485
0.47961966746477935,0.6056924119740814,2.5134742039307825,5.880833384095136
0.9363134210223237,0.6972746262190522,3.0544926399705066,5.2482327338104415
0.5039941491791764,0.6038033411863073,2.515851318623744,5.880345340189949
0.5473898050253098,0.27524155139176343,1.3181296371892728,7.406628811418964
0.7916507372679341,0.9587608607983537,3.86088846081776,4.180350678383887
0.38477585665706915,0.023778379319523313,0.23964552959438812,8.736576091086087
0.4547218539465452,0.5774516064081506,2.3971775870535628,6.0253708065382865
0.24950941489573863,0.5669938065245894,2.2949320042095067,6.138074189265904
0.7850719724452823,0.0006272479180567947,0.6184603968628302,8.380912355219115
0.668461959286481,0.8444329527127697,3.447245606656709,4.708321440630521
0.3065271501451363,0.8074744509499737,3.2479872914122714,4.944538257637754
0.20572814438275255,0.9483648655592481,3.795644871250085,4.255990263190666
0.8585229473850843,0.5182139852276103,2.4279619364772733,6.053824078295117
0.5642667790636919,0.5008138087108603,2.1621946195704504,6.3369915717186895
0.2618672108753546,0.0054571833478445075,0.09002894625207006,8.904513870400084
0.34073392891490284,0.5597356205636934,2.2900570051423697,6.150207374293937
0.08745975011612661,0.5453647327929201,2.1849365308448436,6.269698736362236
0.6833189377875285,0.36139423683994665,1.7437577969159475,6.894847966244106
0.657806069209257,0.20780166767351227,1.1739978799952602,7.618200452331227
0.407289336000336,0.6526862328033652,2.6683589376775774,5.678954829519057
0.5275858626090406,0.36356459209899494,1.631408154592644,7.005027253308361
0.8483635853744625,0.5256954332188275,2.444148582311464,6.030155984469708
0.2792016204811185,0.37145565911224465,1.5348198959349912,7.093724444952764
0.3587584874337625,0.15335373315379752,0.7223847859544018,8.1242614808918
0.03972904265786792,0.03904669304631114,0.15770353783920904,8.80324976911448
0.7235183057117693,0.02463138663425235,0.6091102780293076,8.36625833533644
0.4391955002643094,0.961061628224309,3.85175744007407,4.18718093170162
0.7004997457376413,0.6389678674565058,2.733029898915741,5.628002233627753
0.2586259046945073,0.6987360930256734,2.8150951190754117,5.486168787898915
0.8644887596020071,0.6608719822512974,2.896932138341016,5.442195879407686
0.4005116884284946,0.8440302265698204,3.401139957207511,4.754829816222669
0.9054098617149977,0.33566216125368675,1.8872508938229449,6.777086944923368
0.45078441505039424,0.7374502440267079,3.003152816422175,5.259396939551117
0.3510540672325798,0.5967614227115505,2.436740392985238,5.966498184303211
0.5815387009018691,0.7094531631642381,2.9360718914959834,5.3544749453397795
0.6241134769856035,0.7481643961970849,3.0907519928739906,5.161083610928925
0.13692086091341227,0.8507880432389862,3.405949497578463,4.74326245918255
0.7572992558746353,0.30727167332224026,1.6263678869741964,7.066360439703563
0.18617252415494756,0.810636656924016,3.2491100006967177,4.9402533423792665
0.8449495741861653,0.09577879983871274,1.0286746867072951,7.875546513453992
0.0757717434848395,0.08160982937233785,0.3317121234259112,8.586678047201751
0.08791688972887213,0.1606447552550443,0.6490667162417895,8.190288528503165
0.1670469525923559,0.8207066547826033,3.2878297433384165,4.89146360187898
0.8199873827970369,0.3082703828254768,1.698186212583696,6.993543404590827
0.8793670041447577,0.16607004834030803,1.3091468234714654,7.524783128188226
0.17872276132024956,0.8249187145616594,3.3052672740993567,4.869814011338984
0.35962090942341607,0.6407855581595359,2.609598430060145,5.749616011780319
0.6789981355999682,0.25881333108226157,1.3769688907787718,7.364217778138967
0.4495939896573454,0.6917388954235754,2.829265864709117,5.478995239867308
0.8656413151868181,0.8433691196306401,3.490845461495671,4.665785418873688
0.2595592837612639,0.20497334376007692,0.8734551332188233,7.9215715230210995
0.6207014493262496,0.30879446252035947,1.5014788073998928,7.189726730079746
0.7516751034887791,0.9220379456555883,3.7322015487142397,4.345760505630172
0.6059183472407964,0.8408433577529725,3.4218057301035145,4.737350912143514
0.9161413177940937,0.4646865578545649,2.3080427871663343,6.2272706549791
0.11036591803397389,0.9573175414091308,3.829790065122377,4.2128923934684925
0.7531659818497767,0.3489770464589246,1.765206812974814,6.885816140566262
0.7279696630741255,0.5449745271920224,2.4210342306357244,6.033991242172253
0.2405150217051154,0.6104065047847447,2.464163019373002,5.925430475842253
0.8442605166318317,0.07391612817810989,0.9557547037866896,7.970329168035201
0.8578802262396025,0.772447018246194,3.2572576201412486,4.970295361612558
0.9381703581325066,0.41514106218117497,2.1753358091384563,6.4095231286803696
0.9748789693946911,0.4588908296054093,2.349827524452042,6.191281645942548
0.0737244395621004,0.014640559028459288,0.06391795337474424,8.921441487596795
0.9890456586551858,0.24467671768072008,1.7175726518985346,7.037750630420746
0.234821664357042,0.8805483408655385,3.5287800729672836,4.590671586167178
0.6491240656734917,0.11182125065167425,0.8215298235402124,8.066648925808114
0.5716512368173249,0.6107675101914022,2.570265433099267,5.81896705670933
0.010802007066955555,0.604014753405078,2.4161052185080782,5.979880028086844
0.7039257260799257,0.9401362422280948,3.790208145001633,4.269655612770272
0.4339113556666059,0.5231504615599459,2.1823826312809804,6.294466907159075
0.13534407546565552,0.2925469089287307,1.1831467747115707,7.524306316359699
0.016801124323215788,0.7304776927686571,2.9219868512327767,5.347535455998566
0.8375568887733092,0.49194369140493455,2.3241770494872664,6.183879259107799
0.38394035481415156,0.6973271550361241,2.83392568356109,5.468747161402786
0.09534847479949804,0.8491017285129013,3.3977787802825916,4.753119491204506
0.9568995089371132,0.5311628921702259,2.5539453937044296,5.9148917141253445
0.8962245134809935,0.8918478872247377,3.6542613135605944,4.453890799214668
0.5800554507036388,0.5204568243984911,2.243176468908356,6.236366706693153
0.8370456500454438,0.711996583764879,3.0497746096638876,5.238228806571233
0.10896882997691903,0.4578498911344181,1.8378371665625948,6.7043129423029875
0.6434370597832283,0.32942788326658856,1.5953359332649095,7.075236183468501
0.8782730381377969,0.02346542962561937,0.8471248714045574,8.129409698969823
0.8908997361749248,0.4327350354123949,2.1811796713954408,6.386085293192164
0.7961999712755057,0.19039410693607894,1.2748134491524032,7.534792443911519
0.1709080266329588,0.434395335959081,1.7541024035686958,6.811502260472224
0.010974197934527252,0.9597746671458172,3.839103513041597,4.2011218198125855
0.20259425512333196,0.7347868317145826,2.9500328507649494,5.315180317520468
0.4461567367572682,0.4700815418816007,1.9858095280287387,6.544108930089661
0.4023027686116387,0.14870480430872945,0.7325992314300996,8.118695964261171
0.008654033739139422,0.6381097592511218,2.552466139796949,5.809424100951929
0.6332307177780452,0.0936002760055803,0.7378503004016181,8.1685494235928
0.8083345626321192,0.9813026450946849,3.937427521169492,4.081269833735823
0.6657168806420818,0.138858384312882,0.9370733873581374,7.924068228328981
0.4902762860252081,0.5603590726986679,2.347113148310694,6.092527778990638
0.5197950051223713,0.8263873181258358,3.352457135678931,4.821155546195233
0.6375111272394328,0.08241088998149382,0.7025705273310489,8.215018582687456
0.3480648611796625,0.6543793934704483,2.659389215751702,5.68623139077785
0.49624485210844405,0.4908414690953977,2.088750723237478,6.420407807667124
0.24404577917335446,0.571631174200694,2.3120376339742292,6.1163311918250765
0.04283754074942714,0.47577855981021044,1.904076214362015,6.620145225827774
0.7736048448749555,0.7283598777198214,3.0760064688912703,5.195633653388908
0.7981062771275376,0.03876103943506426,0.7673280273549863,8.19391093320995
0.8044413982585168,0.3267248446980632,1.742593212187272,6.930681943114665
0.4817212808802679,0.6147796346175823,2.548511001540006,5.836709363842411
0.9139766700544047,0.043163112782392266,0.9719493535271923,7.984887533690417
0.05125057804331212,0.13163639376399883,0.5288264377908467,8.339537168445155
0.7131836444797066,0.8037257760731326,3.314734241565861,4.881539982361006
0.5599052152971653,0.4880001654503805,2.1125094611937314,6.3994903733558886
0.6646023925807332,0.5364522386710665,2.3505563043823003,6.1129914569466335
0.5653317080415953,0.4521312681201426,1.9836238863814741,6.564244845498384
0.599016054977535,0.09481533860252433,0.7040599265353411,8.201124734862134
0.9635856518424241,0.08120724916983879,1.1779255928362096,7.740867157993951
0.0038456811358680287,0.539005720119812,2.1560296982450784,6.30496458163511
0.4438544516163464,0.8593589280442764,3.465142956085896,4.675498115869828
0.6507182782844926,0.5296783208309853,2.317863603826483,6.1524580753425315
0.5984681350334514,0.880286995482809,3.564024883487999,4.555688121029192
0.6792597792551599,0.6881708294944916,2.8965593787868955,5.415269791718613
0.8063827132093597,0.7174075616079251,3.053386849926888,5.229205588465186
0.6766515840267926,0.2893803386039826,1.4828838009284626,7.227735860467555
0.8748485649669063,0.05084077458819669,0.9298116141476134,8.019347611264191
0.30007831293932596,0.3187128748545599,1.3361993570179833,7.345087768127456
0.2639312344305955,0.06401605210613492,0.3212645661712403,8.614719381722626
0.40730146907577514,0.4905887896591338,2.046863669901007,6.462547540439859
0.5513512843727307,0.4442805042352821,1.9460542077140544,6.609665288050664
0.6762929344232588,0.7367049309739954,3.067243551264498,5.196051517761507
0.6762309954401134,0.7095459481789322,2.9710050494942126,5.319449002326856
0.2330056532654895,0.04766086308478379,0.24234750063646682,8.709991636278748
0.5206339759215999,0.4217012419986099,1.8435584771786018,6.7347402808227885
0.9879444617605947,0.994805508315809,3.984292035107816,4.0209024565763745
0.9260579095978608,0.04129011113571113,0.9873339886913411,7.971375900172947
0.28583511925538085,0.5475569373118356,2.2271931235896765,6.225249939098488
0.9363970640768478,0.45750623461178364,2.305704879617864,6.236788885770354
0.5747846547185241,0.7788185486754287,3.188347547363702,5.032833903960869
0.2570955750821321,0.3597198084564628,1.481200560189405,7.159079631354132
0.6353421545595849,0.6523586613850546,2.749763427779278,5.597877910835667
0.8129457743991224,0.3932180807746506,1.9738828627876104,6.632899056437739
0.7441391342803511,0.6353967619007065,2.743483557133483,5.62111968096581
0.7664068055803885,0.33907152067264223,1.74450185079538,6.916426628531978
0.6540841531558473,0.35645890532411295,1.7011592847706,6.942381809905287
0.8181546966114022,0.647482391829699,2.825896784249424,5.526620823920878
0.09519350089650835,0.744618901493155,2.980789819078363,5.274591279428481
0.6587328855054337,0.4237377712471684,1.9450079859740266,6.631254242778804
0.08353386547864927,0.35178598136301775,1.4116671023839578,7.236546916253025
0.34196130590573903,0.508081427673901,2.089849455834644,6.402069116491456
0.942554178381955,0.3662234855223999,2.027946308082342,6.605830206395257
0.2779445140191046,0.180717161551048,0.7861608285693733,8.033122009879579
0.4107877440142904,0.45760031325854067,1.9219293400838449,6.620470346657614
0.8910459026933407,0.16979575734093277,1.3383343150238178,7.491869927635249
0.9493538354990751,0.324627538107238,1.9072049180258857,6.768167543866877
0.27813134082420665,0.9805815884407951,3.923828504656277,4.095589906902927
0.6915775771361554,0.0729242664778611,0.7350984261040656,8.191977307418075
0.12931779067490012,0.8548872508705426,3.4219757371889514,4.723137011940506
0.7617618404027009,0.47418499015723803,2.201860473722436,6.3239545361203255
0.6566073444784376,0.430545045641605,1.9676911220413047,6.60176383231709
0.7266884034027602,0.8718543109610483,3.5550879112962455,4.573057777742706
0.36996872294565575,0.7773685556953622,3.1399473149152652,5.0826841293893725
0.4973874926917202,0.8554785385486199,3.457667942570154,4.686853518881226
0.12228647779496415,0.7092348915990465,2.8412876627828747,5.449477445618079
0.2959572592063654,0.5175981143858764,2.112646376036963,6.3697555095771605
0.20759219457659728,0.6315123106229251,2.5419290423146275,5.8265586470624475
0.8365306205008713,0.340256710491213,1.822704296367684,6.837038993141103
0.1863329472974582,0.5160091297369315,2.0808406661118606,6.403150204151208
0.26582976421739035,0.8993831210321301,3.6046426225211228,4.495974256446747
0.9073844322314931,0.6777378328278344,2.976284761266669,5.345977405905497
0.8620576050242849,0.6700421168466275,2.925374462278984,5.404583420874388
0.9838688845157958,0.7688150434229977,3.2990467451084116,4.93213821146859
0.45945793923591705,0.5012166383366435,2.1101605180130676,6.388622843650289
0.7664595427556111,0.941197782501875,3.7993350942635113,4.2594671232346135
0.5551451087827955,0.7543389829240058,3.0930652404576287,5.152595776618366
0.41044082103419743,0.5924714816522433,2.438538860392667,5.96898965795509
0.29410995110337923,0.9817799773200007,3.9286959533278565,4.089524069352143
0.6884573020439063,0.8538739986879245,3.484755840712822,4.661370160599254
0.5939911455409613,0.8451618712106382,3.4352783221068672,4.719559806682494
0.6180577990703473,0.23324917948473323,1.2258920372858977,7.540858783229369
0.6643636923625296,0.06915565720410133,0.6874778817215353,8.243366461074364
0.19615253295984048,0.3988187227056115,1.618405831142427,6.982775446151961
0.19737540882308335,0.5150231795149369,2.078985985278097,6.405990835206966
0.9231104664446405,0.8968054415072357,3.6751572478538157,4.428037310638948
0.6383575266118627,0.7141324203193383,2.9730208148429447,5.312846764837717
0.20697603106023799,0.01517439363059181,0.10288659493206928,8.881939011437339
0.5797951020806145,0.35246020548870804,1.627519327728523,7.020020466782769
0.8484509255185183,0.5976714211564996,2.6803095454919417,5.722019033351558
0.8289704043546449,0.4167235893856499,2.0677172006320172,6.515559209982333
0.15368498372431683,0.662819684911498,2.6592426265343807,5.677937688554121
0.289963971722877,0.12639797669803998,0.5790435829478637,8.294558440354097
0.5583716711774703,0.22061263870806935,1.1254471070709275,7.653940254221004
0.6806044754622238,0.2894356168939103,1.4868918434355605,7.223672539670528
0.023630780844421273,0.3530543478965098,1.4125786549681698,7.234366997135321
0.14571837898917894,0.8635469620952677,3.4570852711707927,4.6793677667339395
0.4280485259928032,0.9901112812831188,3.9622569909652627,4.047631727751619
0.8065274727112067,0.020058478085578924,0.717672706086512,8.262268815827909
0.6782767986447195,0.4134604487253215,1.9236848380751113,6.662854713199567
0.46093859724108155,0.43997370960269333,1.8788804828228938,6.6811458075744135
0.7865329984457036,0.568540855224205,2.54107878548299,5.890380359292806
0.5180383029037402,0.6243201128366018,2.598099289598059,5.77758059756534
0.11763477532683886,0.9987368475274346,3.9949648695383275,4.006298282934238
0.4752796381230767,0.18776717957128042,0.9345445866072468,7.877688233821473
0.002060396163541145,0.2729360678286128,1.0917473578697772,7.63531657430161
0.9507766244038101,0.1225762424451382,1.283475154722915,7.593948602831946
0.2035268110192563,0.4391149259594419,1.779693337573897,6.781191736466662
0.35169593303768887,0.21163538218704991,0.9440543714365898,7.844310246376361
0.516742967994549,0.8061148179159704,3.2762311318301696,4.91765405025386
0.02927066858423577,0.3569691370474828,1.4284274790537597,7.2146033838987575
0.7796059035565133,0.050510619566701664,0.7791282277843132,8.170361152648987
0.8115433837692696,0.6735004263817401,2.909035194421815,5.417464379196445
0.527749960004298,0.4931377028642343,2.1137221087366584,6.393140188399107
0.2307430288765039,0.4298921673547723,1.749922547545838,6.82018528509939
0.002858860067095126,0.7432984922066379,2.973196066868738,5.283505440924625
0.7676256661866645,0.9939907761775145,3.979504034820072,4.026505189002413
0.7754962719622807,0.8988901060382125,3.656367355024084,4.444742538937704
0.5233987559488626,0.2598390532476885,1.2421205344705681,7.498040412281744
0.02384250084599593,0.9823792909689877,3.929527180629607,4.088093528401405
0.5172653395949924,0.09130656254666702,0.6083593845353057,8.300334052918027
0.20093499954151017,0.08884456503739724,0.3921660460677458,8.518989388894857
0.13356884299813876,0.05359206277161166,0.2312527704315646,8.715155166796823
0.4439218964555881,0.9322706736467,3.742429886048346,4.3252994403049545
0.20182666640384594,0.046038754417116134,0.22301367816710255,8.73094756741578
0.40116208630563654,0.1951448641962401,0.9101056143308903,7.894749521472869
0.39397211526608744,0.9907099283207003,3.964281662724905,4.045008408954395
0.2627946681652469,0.9706639897630089,3.884681934358518,4.1446540758784725
0.9930492515146738,0.6377160077577816,2.908129236444595,5.4541547557976235
0.5857341025552896,0.4955129157499152,2.1551333312300067,6.349353753020078
0.8970675438611929,0.13572835841227193,1.2384189058396684,7.62585273574806
0.9910524755077088,0.6533818321663392,2.9539704970313996,5.392647670802261
0.7441065442544003,0.1683317645461816,1.1338172269001388,7.69785100855368
0.12895789753171205,0.46664426646856794,1.875446846038447,6.657908887492986
0.23688260271557415,0.07268496306544714,0.3427746216891088,8.584540415245444
0.7604718997994421,0.14545850574894892,1.0760303324713762,7.778511161779676
0.7419720414379755,0.1814992059319358,1.176599935540696,7.641900858527367
0.09269061092833164,0.010721385261050487,0.05138497708785287,8.937893637651095
0.024379245272770134,0.4884172968633691,1.953973245405323,6.557609457731308
0.7332054793293438,0.38409590879432187,1.8674876848920217,6.748416406313656
0.3063099224806243,0.5896907274432034,2.3972604926383,6.0130487799184955
0.20739232225744741,0.9070376759174671,3.6321491596751203,4.460813164407413
0.9563749100692549,0.24980743159732477,1.685395586107948,7.0647969822947285
0.24723243727482735,0.6354327558999909,2.564014787366022,5.800552456733987
0.29426411519691,0.34019991121186866,1.4179326381269914,7.24186745066114
0.5927679351163784,0.6616169299627466,2.765366673452103,5.5730163965851505
0.19898656005906468,0.3146775817461328,1.2858461143378503,7.399476303916018
0.26604958508551146,0.4047352607393516,1.6610752989586939,6.934189440301955
0.959493245541797,0.7853922910492166,3.339142877323696,4.875464831627087
0.39477869486023676,0.49806255519982623,2.0704772809513874,6.4314601638487865
0.6995155647165424,0.10918101013224746,0.8726213928095887,8.018197597058164
0.36299274843722007,0.27440442201512705,1.1932248718185827,7.53237070616629
0.2640830116618025,0.9534446593913973,3.8170253994333647,4.2295299411752385
0.5129242143009424,0.0034329119736988822,0.2759197284100516,8.72064735961625
0.5052634538100435,0.08161557362659222,0.5609177179803656,8.357466708393043
0.6782773920439994,0.03491160068052668,0.5836451845709998,8.381443214748474
0.7613117541751989,0.6020464906052608,2.638838060315432,5.7591154490793075
0.8478138329005692,0.38919651260541066,1.9958244478633684,6.614979039531221
0.837862208819603,0.4323306375309175,2.1278338682417672,6.4398354942273155
0.4722256709964229,0.7267820057079769,2.9680548389504433,5.30516315534158
0.5162894245325212,0.1800149829184372,0.9386308492103526,7.88135416787121
0.5112013502757485,0.5110265224341961,2.1718879739494965,6.317085503616307
0.5422450787758512,0.3536154060628419,1.604517908946105,7.041866684991053
0.450243226969538,0.8562571745881045,3.454168094920696,4.689574730491199
0.4341686853869652,0.1982567939256873,0.944157732210545,7.857585473863768
0.9688705266765866,0.8739921312309579,3.6142533836970694,4.511754485071973
0.3991286267621421,0.9720098416155382,3.892498301156399,4.135491857228063
0.6666071805424234,0.7337182141708748,3.05319919789907,5.213082587930056
0.8886676636869627,0.36284381283098055,1.9545567449502959,6.682599442218724
0.8549927621910383,0.8880961092540454,3.6341875937589436,4.477716296987011
0.7709555166512252,0.11132244547990278,0.9734952005173186,7.915182354002779
0.21498813363376523,0.6456562409187425,2.599002695936085,5.755341063145173
0.935483102129182,0.05914460276338618,1.059947909976149,7.8809074872604645
0.30818715871786895,0.9989332750725187,3.995834417103433,4.005232307824048
0.9528637702394226,0.0012359273232963597,0.9117709145001508,8.086993158176552
0.3303459367270495,0.7203296101478277,2.9118384333661385,5.367831956486034
0.5296930303348484,0.6988132408079482,2.879758349759247,5.421428409432805
0.37627251235246784,0.0007904399803645434,0.14463085218782856,8.854578707831807
0.6446491722780653,0.5259349926891321,2.300748377231929,6.173316630078939
0.9361557297921115,0.6064793134045783,2.770793884184295,5.622726802411127
0.6511645452972324,0.016032921483926654,0.4813487475352906,8.502618330980782
0.217286374784059,0.006398062018661443,0.07250354268060422,8.921098395300735
0.18303749402063674,0.17276686678161213,0.7187820306521223,8.108451102566265
0.9308218710449234,0.5180197468213726,2.489680827466479,5.992299425712148
0.2892372352808008,0.44441069770271335,1.8241223797089456,6.731466922588341
0.5410000654390371,0.960439209315666,3.853335531842049,4.186225258842285
0.37962348225697184,0.6486942373249828,2.6454050238650946,5.705900738809923
0.3675976299547864,0.49658737573802525,2.0543746528774474,6.449037971384527
0.8437006400992823,0.9625229893140635,3.876769246634018,4.160707764051919
0.7455459689589158,0.03648012114677612,0.6814822099539246,8.2820376688993
0.6784360136921577,0.14524345585537657,0.9743972547709856,7.880359289373637
0.04518950481679018,0.4857034732786272,1.9438641336007918,6.570432393120581
0.16629742616219667,0.1906800930517607,0.7851019798446458,8.024217927103594
0.3596986127759806,0.5639057341412649,2.3120461610997083,6.1240481047590265
0.3604911260238841,0.6984395915004149,2.832947302679374,5.468613105820211
0.38785417577335213,0.23631119044037585,1.0601271274273432,7.703561682132281
0.624078906118185,0.1708150294340689,1.006206503851578,7.822978466714353
0.9377042429914981,0.7437877412083951,3.2004356490216987,5.0557766097699055
0.8057351239169401,0.32885072798174286,1.7511191200100165,6.920030152008241
0.031164771417150128,0.2698108573868363,1.0799526206243428,7.650236521988821
0.4809051507098785,0.0043237020654992575,0.2475646306850832,8.748111667249418
0.3122561848779617,0.12213760779516358,0.574145460025722,8.303716932179114
0.03562172537052943,0.7884952243546526,3.1542492773762976,5.05725549826905
0.6520394147032689,0.43799760904625906,1.990928786571465,6.571073604382276
0.1093646841301541,0.833003853787494,3.33401279495676,4.832983351255746
0.7385498856212224,0.5562509161480137,2.4670492353869946,5.976699848464992
0.06922122032883793,0.7749417858782538,3.10084552735284,5.124212686768907
0.5068376782100388,0.84243959781221,3.4102332056789466,4.747327196508843
0.5882726692225491,0.5914396693093645,2.507146999137026,5.901413331553609
0.6007576513277716,0.03509951834424163,0.488640070417516,8.476260411238242
0.7489493626845591,0.6264811797678458,2.7154408185406913,5.658078001691463
0.5325498473916459,0.41260473001558584,1.8170097048764078,6.770385565108008
0.7402193738676255,0.775825999428502,3.226134474533249,4.998039526038249
0.7634743435351381,0.5050074904278647,2.308557666844964,6.186434842727172
0.9696243561337681,0.6965072927060235,3.071364331904895,5.232128375389081
0.33087860462066465,0.1233582298015724,0.5894082308976522,8.287233539300775
0.5160920565124181,0.6456327356517267,2.6769170216588054,5.677450242689467
0.08461708964845305,0.5172190263565566,2.072332842234812,6.410448131408631
0.36167625064964726,0.22821538404675157,1.0138184582014884,7.757966157751759
0.3529887365598089,0.1214217189939032,0.5951586506603339,8.283419630345762
0.05856043449120529,0.7573464180481898,3.0302178100633985,5.212435771888412
0.3621340307772981,0.29616237555563707,1.2769515117185706,7.426886112725792
0.10970109525443561,0.26911175665303033,1.0852427771449622,7.645645466202009
0.6234972175282211,0.8381698356456101,3.415590621585364,4.746239542769025
0.32152751572785176,0.413480699349567,1.7145571294849944,6.871962171165439
0.8593527260437895,0.39579905202253973,2.0293908186672147,6.574810129310245
0.47522659312337134,0.4744620074519881,2.016535695490476,6.509002297057536
0.9552506006993451,0.5990199840825052,2.7619756885453115,5.6390043273721835
0.9617459475348525,0.2835827298696876,1.7969848472851881,6.919432422845124
0.7929529719408361,0.049958458457066146,0.7971956490119647,8.15284589253097
0.45663183758108306,0.8306348471508176,3.3578541629167273,4.811510989932455
0.8622850026790284,0.8642996870092043,3.558096738043752,4.577603574947044
0.489641500028437,0.06587388235663949,0.487451143825821,8.44667497381754
0.6583696708975456,0.28249936914625084,1.4409985724316345,7.276502058422114
0.29470771376708227,0.27911924695084445,1.1790873818466006,7.541793371202555
0.8190321287853074,0.22530878457063763,1.4209085630709652,7.3537826523583965
0.4247225209145964,0.7436268567703006,3.020754378358916,5.235618764870784
0.9976479155260096,0.620573383283456,2.859937362044365,5.5194892546721785
0.14992430702782533,0.9081879461398544,3.63481547143913,4.456996582421016
0.20225899330274744,0.7640221207383725,3.0657420313105863,5.170235847951041
0.3632734063712625,0.45381674700527885,1.8873454634791293,6.658837789515591
0.5524811318834767,0.8618647941957195,3.489622931730817,4.648512274073464
0.2529920859050775,0.3076745412672842,1.2750104529610464,7.41731500577167
0.280795509919874,0.2048446927527806,0.8820736805056976,7.913081626741521
0.0034810872612616173,0.23724180430053832,0.9489764602819575,7.813781735417505
0.00991726848604213,0.7882899961532374,3.1531808067606013,5.058529197086162
0.671432043566816,0.0065697111913448625,0.4741380701961207,8.519292218612534
0.7419682421266693,0.37878884218815934,1.8571425924043181,6.7640685654075225
0.2366136535047293,0.6797412205478073,2.7368948969510343,5.583363882501159
0.7624385625605007,0.7816629976220963,3.253574032650069,4.964762969727834
0.021330768690997592,0.45712835324145107,1.8287604204841332,6.714111226274415
0.18335999980855366,0.15529601947991167,0.6495837771340889,8.195120203385999
0.6437677773771148,0.9923180133708959,3.9724557526012245,4.0352262340278795
0.8344656143788002,0.42469609645596995,2.099387399257177,6.475916504286854
0.3464655679623223,0.6647110456347584,2.6990917287332152,5.636197225632026
0.6290816938830975,0.8759041621624336,3.5527268042973823,4.571369033540184
0.20273343487344597,0.08111273182984957,0.362217971066587,8.556669297103562
0.32416085490255475,0.7492057337414374,3.023176461633379,5.227617804625183
0.2783548974532355,0.8863892782989111,3.5543598365277322,4.559250885173356
0.7062892925303639,0.1747670309951197,1.1107311052153266,7.714501863789554
0.8223706033758277,0.6093367715566381,2.701550052877378,5.689113175565984
0.924959371250571,0.8511636481128644,3.531991509266105,4.616844842621031
0.7694195532030972,0.6165258229347442,2.6931224775295357,5.69035169953572
0.13088652094010778,0.23236013068636385,0.942591177332742,7.825048691980894
0.4819273212889853,0.9937583578593999,3.976483077435579,4.029758564705022
0.4069798751620922,0.03423799046081688,0.2969136526081919,8.66884835693099
0.735384298842801,0.3006929377872454,1.5809500641657637,7.11835699804699
0.0014437628606110975,0.9417095420002622,3.766838289504664,4.2914521684950735
0.02667608776862118,0.06242198588835601,0.2503551368743057,8.687222877237337
0.03943166536163123,0.3240545801158681,1.2972693184128765,7.378676101471256
0.1849201838920269,0.24421030255558807,1.0026857974811538,7.753103899963259
0.9086397212733941,0.222877794081477,1.533123585896969,7.2439986200215545
0.5414368829306343,0.8112997880455058,3.3005173549072047,4.88818285704729
0.8644232487773589,0.4230482907138119,2.1233073767997976,6.453644332486391
0.22611910659752266,0.6583110672349073,2.650714772944468,5.690974159820625
0.45940528707015527,0.36920214565758747,1.6099404995630895,7.020857354779324
0.9604719270886954,0.5582469089346331,2.6405076553298548,5.801245435735512
0.34663114395872807,0.9587414505614811,3.839923146923831,4.201335402514688
0.846295644278892,0.9224602314560898,3.7453761733126525,4.332163595231258
0.9436921600938725,0.3633686621973944,2.0204298017212365,6.616201536081369
0.33290930839981914,0.3903901442513993,1.629122788509184,6.980487067239417
0.10112823694684814,0.5856304058005779,2.3467593480202384,6.067610246179184
0.2196871091051451,0.9343408631478491,3.7405323218188395,4.325126815033311
0.17661884784616222,0.27498966614310394,1.1225747945545113,7.602435539302386
0.850198222944917,0.49909223225088206,2.358443606285956,6.142464161463163
0.31088890365407507,0.47272591742333436,1.9418657170868114,6.5854083654898545
0.3339833807617938,0.08105514730255348,0.4267241996463872,8.49222065305106
0.9011075106653503,0.18331126119979735,1.3963920096406106,7.420296729159593
0.6857073853881498,0.010029377225326597,0.5055963680801491,8.484374254694522
0.21164337808285827,0.9179105387600032,3.6753191816680117,4.406770279571985
0.4488102315164819,0.22161256656690387,1.0432413326307663,7.73514610080233
0.4450503369611347,0.1047911059788248,0.5964782726869535,8.29873062133422
0.48513043707553305,0.34359040524469164,1.5288486306165807,7.127560964138728
0.024550876364892837,0.19706716259127077,0.7887526145439496,8.01418022286478
0.7781900500432448,0.3600070533386631,1.8275949845467971,6.81239796211454
0.522222086794986,0.33602192147095555,1.5251650704198099,7.138813008109235
0.4650086463694898,0.26047151441207794,1.2017965511398243,7.5377319344480975
0.4715526542636257,0.08706321734300759,0.5512552321865866,8.361681550470406
0.05284696027614322,0.06931457874899127,0.27985753436696287,8.650827886884045
0.036106672640810245,0.3148082129382609,1.2601261306735607,7.425065656388178
0.4504489916053004,0.1774218898648704,0.8765921901877531,7.9459859199473755
0.14346856670697183,0.27837655160808084,1.1283595475790975,7.593263900812822
0.7763078147292158,0.6861408815993126,2.9337119240506353,5.3801471943500525
0.588745747917798,0.05673761797785237,0.5539055461929957,8.389356835829153
0.10330363415941446,0.5484501890594861,2.198619533637401,6.252930277303113
0.6019045189533497,0.9662919447375335,3.877379838266379,4.156328216996087
0.67191521748726,0.6101507832745197,2.6166083821656323,5.773240834559848
0.30662985963306655,0.17916693769427705,0.7938440109248479,8.026989051380875
0.5061664528261189,0.6086342270517081,2.534806571759035,5.856559201189257
0.6567076294483953,0.6850414747281303,2.875996459148958,5.438962066122912
0.2466996089688449,0.6787212754302363,2.7344383488505377,5.586840375719226
0.6601148529638795,0.1788152726234561,1.0730936650312395,7.7480910623453045
0.1773928334558118,0.7145583974738873,2.8672159282878504,5.418225674238262
0.4022591626676646,0.8090864538701756,3.2672380010540123,4.923675545075811
0.9799481294291743,0.15001219346424566,1.41629065040953,7.433697156126225
0.8293529431955259,0.4821717141696259,2.284862772828307,6.232965513002068
0.24382441421148104,0.6165067863221744,2.4888259491338,5.894667264544026
0.43017552385298463,0.2938712143641188,1.306154682178241,7.399974103457639
0.35706032998207626,0.11679896353716157,0.5797969906803189,8.30340404578252
0.7628086684051771,0.25168842806335234,1.4421790531336873,7.3061325188029596
0.36857616920333924,0.6855801473642582,2.7850340210091344,5.529385831626607
0.20064485534598153,0.40581514325029633,1.6471814796686144,6.947003377081089
0.5982835032467073,0.22899333755156903,1.1919499038323207,7.57905675861611
0.31684179171673077,0.5271391372230498,2.1560264461070577,6.316834416669892
0.9313183039026196,0.8541245602416218,3.5430238555145537,4.602851584243824
0.4248615104479425,0.6433034063539139,2.6375999655454376,5.719096628100648
0.03767672479315909,0.4103045772200681,1.6420554025208405,6.947640020259092
0.6546451239510229,0.23199294998263664,1.2571090843119368,7.510897965705427
0.9774030486352548,0.023764372117761834,1.02767170594046,7.948563921941777
0.09363389358700847,0.8871636272967491,3.5496437801976053,4.563192592505645
0.41583527073285154,0.1951393356513872,0.9197330215981927,7.885127642750421
0.9835258508832513,0.528795022523657,2.5709875493388408,5.900217428137503
0.3852439987873496,0.9469981893301012,3.7958589117931334,4.257142898876765
0.926345691465369,0.49305573810548664,2.4072401070717637,6.099704154822749
0.8842664973389067,0.6925807224935687,3.0107023966399846,5.296716880866446
0.27690773954476566,0.04241018532187102,0.2430667137185033,8.714523100959626
0.5560541651672957,0.6651015862582422,2.763955673535399,5.570942740206359
0.05774647479399009,0.3269420995257737,1.3100128142325334,7.363045086241693
0.6944662829748144,0.8448608569451321,3.45426446398792,4.700874679066948
0.37448729226339617,0.20338025627480205,0.9252395611380729,7.871380182587124
0.2635963160031215,0.12414581227791455,0.5574402412364806,8.318413946485604
0.9515875532561074,0.40425938307353293,2.156491903447216,6.439248713479252
0.8291821409216226,0.43017372694713885,2.112474986047492,6.457351287005369
0.9977296810914481,0.5923517524204474,2.775206375373214,5.632441872206338
0.36040538254836063,0.7590773032175686,3.067603153382193,5.173319543400239
0.3582670943392985,0.7892902505232274,3.1842067174937805,5.026503031982992
0.12970123068993067,0.7092894672542391,2.842048320569906,5.448662212175854
0.030557794095362967,0.34657934835972226,1.386927543777788,7.266493107862489
0.3673333308444954,0.47368288193671304,1.9657494838338911,6.560567634229395
0.5004831506409411,0.12931907955449373,0.7353674216211217,8.135313498824384
0.15490207507212916,0.8007271870577176,3.2076902302021852,4.991582582740097
0.17563648326147763,0.10869581486786517,0.46227836628636304,8.429025818845773
0.3906244840682347,0.48347764548761096,2.0127254302907462,6.503796924221643
0.14317989594669744,0.855411934689324,3.4246118638748433,4.719976201435832
0.8665847175941681,0.7000859503673956,3.0255699772322044,5.2743440724004
0.7271680766503682,0.8889080236288746,3.614374577873687,4.496717398497439
0.3249784870404666,0.36624634179970206,1.5319167355935988,7.101836922606699
0.6762904910905255,0.5495073119212386,2.404070560607033,6.046422127471729
0.8598738229262521,0.09332058263256038,1.0436656703423064,7.863013747025134
0.3771523316381409,0.5520892531873008,2.2720695758339455,6.175841170978754
0.8527100209253924,0.48074909762289575,2.300551188327135,6.21869971404997
0.9619391225364498,0.6387179039519941,2.8891756489059555,5.47210644714205
0.3539333122193854,0.8465477358213146,3.4054137226647394,4.748038541513946
